id_registro,fecha,zona,tipo_dia,clima,tipo_vehiculo,tiempo_entrega_min
1,2024-01-02,Este,Hábil,Despejado,Moto,22.1
2,2024-01-03,Centro,Hábil,Despejado,Moto,27.2
3,2024-01-04,Centro,Hábil,Despejado,Furgón,82.2
4,2024-01-05,Oeste,Hábil,Despejado,Moto,42.8
5,2024-01-08,Oeste,Hábil,Despejado,Moto,35.7
6,2024-01-09,Centro,Hábil,Despejado,Camión,45.9
7,2024-01-10,Centro,Hábil,Lluvia,Moto,34.4
8,2024-01-11,Norte,Hábil,Lluvia,Furgón,71.1
9,2024-01-12,Centro,Hábil,Despejado,Furgón,32.8
10,2024-01-15,Norte,Hábil,Nublado,Moto,25.2
11,2024-01-16,Centro,Hábil,Despejado,Moto,74.5
12,2024-01-17,Oeste,Hábil,Nublado,Furgón,59.4
13,2024-01-18,Centro,Hábil,Despejado,Moto,80.7
14,2024-01-19,Centro,Hábil,Nublado,Moto,42.7
15,2024-01-22,Sur,Hábil,Lluvia,Furgón,77.3
16,2024-01-23,Norte,Hábil,Despejado,Furgón,51.9
17,2024-01-24,Centro,Hábil,Despejado,Moto,36.9
18,2024-01-25,Norte,Hábil,Despejado,Camión,23.6
19,2024-01-26,Norte,Hábil,Despejado,Moto,46.0
20,2024-01-29,Sur,Hábil,Despejado,Furgón,39.6
21,2024-01-30,Este,Hábil,Lluvia,Furgón,64.9
22,2024-01-31,Centro,Hábil,Despejado,Furgón,20.2
23,2024-02-01,Norte,Hábil,Lluvia,Moto,68.2
24,2024-02-02,Centro,Hábil,Nublado,Camión,44.4
25,2024-02-05,Centro,Hábil,Despejado,Moto,32.6
26,2024-02-06,Centro,Hábil,Despejado,Furgón,57.9
27,2024-02-07,Centro,Hábil,Despejado,Moto,50.6
28,2024-02-08,Sur,Hábil,Lluvia,Moto,33.7
29,2024-02-09,Centro,Hábil,Despejado,Moto,46.3
30,2024-02-12,Centro,Hábil,Nublado,Camión,62.1
31,2024-02-13,Este,Hábil,Nublado,Camión,34.4
32,2024-02-14,Centro,Hábil,Despejado,Moto,57.1
33,2024-02-15,Sur,Hábil,Despejado,Moto,12.2
34,2024-02-16,Sur,Hábil,Nublado,Furgón,25.8
35,2024-02-19,Centro,Hábil,Lluvia,Moto,31.1
36,2024-02-20,Este,Hábil,Despejado,Moto,46.5
37,2024-02-21,Centro,Hábil,Despejado,Furgón,43.1
38,2024-02-22,Centro,Hábil,Lluvia,Furgón,104.9
39,2024-02-23,Centro,Hábil,Despejado,Camión,107.3
40,2024-02-26,Centro,Hábil,Nublado,Moto,50.4
41,2024-02-27,Sur,Hábil,Despejado,Moto,38.3
42,2024-02-28,Este,Hábil,Despejado,Furgón,40.7
43,2024-02-29,Sur,Hábil,Nublado,Furgón,107.4
44,2024-03-01,Centro,Hábil,Despejado,Furgón,54.9
45,2024-03-04,Oeste,Hábil,Despejado,Furgón,44.6
46,2024-03-05,Norte,Hábil,Despejado,Moto,35.2
47,2024-03-06,Norte,Hábil,Despejado,Furgón,44.5
48,2024-03-07,Sur,Hábil,Lluvia,Moto,62.2
49,2024-03-08,Oeste,Hábil,Despejado,Moto,51.1
50,2024-03-11,Norte,Hábil,Despejado,Furgón,65.9
51,2024-03-12,Norte,Hábil,Lluvia,Moto,21.2
52,2024-03-13,Norte,Hábil,Lluvia,Moto,64.5
53,2024-03-14,Norte,Hábil,Despejado,Camión,54.6
54,2024-03-15,Norte,Hábil,Despejado,Moto,48.7
55,2024-03-18,Centro,Hábil,Nublado,Furgón,36.5
56,2024-03-19,Centro,Hábil,Lluvia,Moto,87.8
57,2024-03-20,Sur,Hábil,Despejado,Furgón,66.8
58,2024-03-21,Sur,Hábil,Despejado,Moto,36.2
59,2024-03-22,Norte,Hábil,Despejado,Moto,26.4
60,2024-03-25,Sur,Hábil,Lluvia,Camión,40.1
61,2024-03-26,Centro,Hábil,Nublado,Furgón,80.3
62,2024-03-27,Centro,Hábil,Lluvia,Moto,41.4
63,2024-03-28,Norte,Hábil,Nublado,Moto,101.9
64,2024-03-29,Centro,Hábil,Lluvia,Camión,105.8
65,2024-04-01,Sur,Hábil,Despejado,Furgón,61.1
66,2024-04-02,Este,Hábil,Despejado,Furgón,46.4
67,2024-04-03,Centro,Hábil,Despejado,Furgón,33.1
68,2024-04-04,Centro,Hábil,Despejado,Moto,62.2
69,2024-04-05,Sur,Hábil,Nublado,Moto,24.2
70,2024-04-08,Oeste,Hábil,Despejado,Furgón,50.6
71,2024-04-09,Norte,Hábil,Despejado,Moto,27.7
72,2024-04-10,Norte,Hábil,Despejado,Moto,19.1
73,2024-04-11,Sur,Hábil,Despejado,Camión,58.7
74,2024-04-12,Norte,Hábil,Despejado,Furgón,32.1
75,2024-04-15,Oeste,Hábil,Despejado,Furgón,54.9
76,2024-04-16,Este,Hábil,Lluvia,Furgón,24.7
77,2024-04-17,Sur,Hábil,Despejado,Furgón,54.0
78,2024-04-18,Centro,Hábil,Lluvia,Moto,23.5
79,2024-04-19,Oeste,Hábil,Despejado,Moto,32.1
80,2024-04-22,Este,Hábil,Despejado,Moto,37.1
81,2024-04-23,Centro,Hábil,Despejado,Moto,74.5
82,2024-04-24,Oeste,Hábil,Despejado,Furgón,48.7
83,2024-04-25,Oeste,Hábil,Lluvia,Moto,35.5
84,2024-04-26,Centro,Hábil,Despejado,Moto,37.5
85,2024-04-29,Norte,Hábil,Despejado,Moto,28.2
86,2024-04-30,Sur,Hábil,Lluvia,Moto,40.5
87,2024-05-01,Este,Hábil,Despejado,Moto,47.9
88,2024-05-02,Sur,Hábil,Despejado,Moto,37.8
89,2024-05-03,Este,Hábil,Nublado,Moto,65.4
90,2024-05-06,Norte,Hábil,Lluvia,Moto,79.6
91,2024-05-07,Norte,Hábil,Despejado,Moto,53.8
92,2024-05-08,Sur,Hábil,Nublado,Furgón,60.9
93,2024-05-09,Norte,Hábil,Lluvia,Moto,29.3
94,2024-05-10,Oeste,Hábil,Despejado,Moto,82.5
95,2024-05-13,Este,Hábil,Lluvia,Furgón,60.1
96,2024-05-14,Este,Hábil,Despejado,Moto,32.8
97,2024-05-15,Centro,Hábil,Despejado,Camión,24.3
98,2024-05-16,Sur,Hábil,Despejado,Furgón,30.7
99,2024-05-17,Centro,Hábil,Despejado,Moto,33.0
100,2024-05-20,Centro,Hábil,Lluvia,Furgón,43.6
101,2024-05-21,Centro,Hábil,Despejado,Moto,31.4
102,2024-05-22,Sur,Hábil,Nublado,Furgón,36.8
103,2024-05-23,Centro,Hábil,Lluvia,Moto,49.6
104,2024-05-24,Centro,Hábil,Despejado,Camión,57.9
105,2024-05-27,Oeste,Hábil,Lluvia,Moto,39.5
106,2024-05-28,Este,Hábil,Despejado,Furgón,51.8
107,2024-05-29,Centro,Hábil,Despejado,Furgón,27.7
108,2024-05-30,Centro,Hábil,Lluvia,Moto,95.1
109,2024-05-31,Centro,Hábil,Despejado,Moto,40.8
110,2024-06-03,Norte,Hábil,Despejado,Furgón,44.1
111,2024-06-04,Este,Hábil,Despejado,Furgón,24.4
112,2024-06-05,Este,Hábil,Despejado,Moto,64.1
113,2024-06-06,Centro,Hábil,Despejado,Furgón,49.6
114,2024-06-07,Sur,Hábil,Despejado,Camión,76.9
115,2024-06-10,Sur,Hábil,Nublado,Camión,36.2
116,2024-06-11,Centro,Hábil,Despejado,Moto,37.0
117,2024-06-12,Norte,Hábil,Despejado,Furgón,39.8
118,2024-06-13,Este,Hábil,Despejado,Moto,61.3
119,2024-06-14,Norte,Hábil,Despejado,Camión,36.4
120,2024-06-17,Sur,Hábil,Nublado,Moto,31.7
121,2024-06-18,Oeste,Hábil,Lluvia,Moto,63.0
122,2024-06-19,Centro,Hábil,Lluvia,Furgón,32.2
123,2024-06-20,Sur,Hábil,Despejado,Moto,29.1
124,2024-06-21,Sur,Hábil,Despejado,Camión,59.5
125,2024-06-24,Norte,Hábil,Despejado,Camión,51.0
126,2024-06-25,Centro,Hábil,Nublado,Furgón,58.1
127,2024-06-26,Norte,Hábil,Despejado,Moto,69.4
128,2024-06-27,Centro,Hábil,Despejado,Furgón,42.7
129,2024-06-28,Oeste,Hábil,Nublado,Moto,93.0
130,2024-07-01,Norte,Hábil,Despejado,Moto,25.3
131,2024-07-02,Este,Hábil,Despejado,Furgón,47.9
132,2024-07-03,Oeste,Hábil,Despejado,Moto,58.7
133,2024-07-04,Norte,Hábil,Nublado,Moto,44.8
134,2024-07-05,Este,Hábil,Despejado,Camión,34.1
135,2024-07-08,Centro,Hábil,Lluvia,Moto,48.6
136,2024-07-09,Oeste,Hábil,Lluvia,Moto,22.6
137,2024-07-10,Centro,Hábil,Despejado,Camión,70.0
138,2024-07-11,Centro,Hábil,Lluvia,Moto,70.6
139,2024-07-12,Centro,Hábil,Despejado,Furgón,35.3
140,2024-07-15,Este,Hábil,Despejado,Camión,50.5
141,2024-07-16,Centro,Hábil,Lluvia,Camión,41.2
142,2024-07-17,Centro,Hábil,Nublado,Furgón,51.6
143,2024-07-18,Este,Hábil,Lluvia,Moto,42.3
144,2024-07-19,Sur,Hábil,Despejado,Moto,51.6
145,2024-07-22,Norte,Hábil,Despejado,Furgón,34.3
146,2024-07-23,Norte,Hábil,Despejado,Camión,57.1
147,2024-07-24,Sur,Hábil,Despejado,Furgón,22.5
148,2024-07-25,Sur,Hábil,Despejado,Moto,44.4
149,2024-07-26,Oeste,Hábil,Despejado,Moto,48.5
150,2024-07-29,Norte,Hábil,Despejado,Moto,27.3
151,2024-07-30,Centro,Hábil,Despejado,Furgón,32.3
152,2024-07-31,Norte,Hábil,Despejado,Moto,49.4
153,2024-08-01,Este,Hábil,Despejado,Camión,50.3
154,2024-08-02,Oeste,Hábil,Nublado,Furgón,83.6
155,2024-08-05,Centro,Hábil,Despejado,Moto,84.1
156,2024-08-06,Este,Hábil,Nublado,Furgón,36.8
157,2024-08-07,Norte,Hábil,Nublado,Moto,68.3
158,2024-08-08,Este,Hábil,Despejado,Furgón,54.9
159,2024-08-09,Sur,Hábil,Lluvia,Furgón,33.5
160,2024-08-12,Oeste,Hábil,Despejado,Furgón,60.4
161,2024-08-13,Norte,Hábil,Despejado,Furgón,57.4
162,2024-08-14,Centro,Hábil,Despejado,Moto,68.1
163,2024-08-15,Este,Hábil,Despejado,Moto,90.6
164,2024-08-16,Sur,Hábil,Despejado,Furgón,24.9
165,2024-08-19,Norte,Hábil,Despejado,Moto,94.7
166,2024-08-20,Norte,Hábil,Lluvia,Moto,40.9
167,2024-08-21,Sur,Hábil,Lluvia,Moto,45.5
168,2024-08-22,Centro,Hábil,Despejado,Furgón,57.3
169,2024-08-23,Norte,Hábil,Lluvia,Moto,42.5
170,2024-08-26,Sur,Hábil,Despejado,Furgón,46.8
171,2024-08-27,Norte,Hábil,Despejado,Camión,51.2
172,2024-08-28,Este,Hábil,Nublado,Moto,57.1
173,2024-08-29,Norte,Hábil,Despejado,Moto,82.7
174,2024-08-30,Sur,Hábil,Despejado,Moto,32.2
175,2024-09-02,Norte,Hábil,Despejado,Camión,32.0
176,2024-09-03,Sur,Hábil,Despejado,Moto,61.9
177,2024-09-04,Este,Hábil,Nublado,Moto,48.7
178,2024-09-05,Sur,Hábil,Despejado,Moto,33.8
179,2024-09-06,Norte,Hábil,Nublado,Furgón,30.9
180,2024-09-09,Este,Hábil,Despejado,Moto,46.8
181,2024-09-10,Este,Hábil,Despejado,Furgón,43.4
182,2024-09-11,Norte,Hábil,Despejado,Camión,37.4
183,2024-09-12,Este,Hábil,Lluvia,Moto,64.5
184,2024-09-13,Oeste,Hábil,Despejado,Furgón,25.5
185,2024-09-16,Norte,Hábil,Nublado,Moto,61.2
186,2024-09-17,Este,Hábil,Nublado,Camión,25.7
187,2024-09-18,Centro,Hábil,Despejado,Furgón,29.9
188,2024-09-19,Centro,Hábil,Nublado,Camión,112.8
189,2024-09-20,Norte,Hábil,Nublado,Moto,24.0
190,2024-09-23,Norte,Hábil,Lluvia,Moto,39.0
191,2024-09-24,Este,Hábil,Despejado,Moto,25.2
192,2024-09-25,Oeste,Hábil,Despejado,Moto,86.3
193,2024-09-26,Centro,Hábil,Despejado,Moto,60.8
194,2024-09-27,Sur,Hábil,Despejado,Moto,46.5
195,2024-09-30,Centro,Hábil,Despejado,Moto,48.9
196,2024-10-01,Centro,Hábil,Lluvia,Moto,71.6
197,2024-10-02,Sur,Hábil,Despejado,Furgón,48.1
198,2024-10-03,Norte,Hábil,Despejado,Moto,52.7
199,2024-10-04,Este,Hábil,Nublado,Moto,62.9
200,2024-10-07,Sur,Hábil,Nublado,Moto,59.6
201,2024-10-08,Este,Hábil,Despejado,Moto,43.6
202,2024-10-09,Sur,Hábil,Nublado,Camión,49.9
203,2024-10-10,Norte,Hábil,Despejado,Moto,46.8
204,2024-10-11,Norte,Hábil,Despejado,Furgón,32.6
205,2024-10-14,Centro,Hábil,Lluvia,Camión,42.7
206,2024-10-15,Oeste,Hábil,Despejado,Furgón,50.7
207,2024-10-16,Norte,Hábil,Despejado,Furgón,31.1
208,2024-10-17,Este,Hábil,Despejado,Furgón,65.5
209,2024-10-18,Centro,Hábil,Despejado,Camión,48.1
210,2024-10-21,Este,Hábil,Despejado,Furgón,39.8
211,2024-10-22,Sur,Hábil,Despejado,Furgón,25.0
212,2024-10-23,Este,Hábil,Lluvia,Furgón,25.5
213,2024-10-24,Este,Hábil,Lluvia,Furgón,39.1
214,2024-10-25,Sur,Hábil,Despejado,Furgón,54.0
215,2024-10-28,Norte,Hábil,Despejado,Moto,93.8
216,2024-10-29,Este,Hábil,Despejado,Moto,44.9
217,2024-10-30,Oeste,Hábil,Despejado,Moto,56.2
218,2024-10-31,Norte,Hábil,Lluvia,Moto,31.2
219,2024-11-01,Centro,Hábil,Despejado,Moto,32.2
220,2024-11-04,Oeste,Hábil,Despejado,Moto,34.5
221,2024-11-05,Este,Hábil,Lluvia,Furgón,39.4
222,2024-11-06,Oeste,Hábil,Lluvia,Moto,65.6
223,2024-11-07,Este,Hábil,Lluvia,Furgón,44.8
224,2024-11-08,Sur,Hábil,Despejado,Moto,51.7
225,2024-11-11,Sur,Hábil,Despejado,Moto,48.2
226,2024-11-12,Sur,Hábil,Despejado,Furgón,42.1
227,2024-11-13,Centro,Hábil,Despejado,Furgón,31.9
228,2024-11-14,Centro,Hábil,Lluvia,Moto,52.6
229,2024-11-15,Sur,Hábil,Nublado,Camión,45.3
230,2024-11-18,Este,Hábil,Lluvia,Camión,71.0
231,2024-11-19,Centro,Hábil,Lluvia,Moto,44.1
232,2024-11-20,Centro,Hábil,Despejado,Moto,35.7
233,2024-11-21,Centro,Hábil,Lluvia,Camión,24.4
234,2024-11-22,Centro,Hábil,Despejado,Furgón,41.9
235,2024-11-25,Norte,Hábil,Despejado,Furgón,40.9
236,2024-11-26,Sur,Hábil,Despejado,Furgón,40.9
237,2024-11-27,Norte,Hábil,Despejado,Moto,104.5
238,2024-11-28,Norte,Hábil,Despejado,Moto,51.3
239,2024-11-29,Centro,Hábil,Nublado,Moto,30.7
240,2024-12-02,Centro,Hábil,Despejado,Furgón,119.7
241,2024-12-03,Norte,Hábil,Despejado,Furgón,33.6
242,2024-12-04,Este,Hábil,Despejado,Furgón,35.2
243,2024-12-05,Sur,Hábil,Lluvia,Moto,29.0
244,2024-12-06,Oeste,Hábil,Despejado,Moto,105.4
245,2024-12-09,Oeste,Hábil,Lluvia,Moto,27.1
246,2024-12-10,Norte,Hábil,Despejado,Furgón,38.3
247,2024-12-11,Centro,Hábil,Lluvia,Furgón,44.9
248,2024-12-12,Norte,Hábil,Despejado,Moto,45.9
249,2024-12-13,Centro,Hábil,Nublado,Camión,51.0
250,2024-12-16,Centro,Hábil,Lluvia,Moto,27.7
251,2024-12-17,Sur,Hábil,Despejado,Camión,49.3
252,2024-12-18,Centro,Hábil,Despejado,Moto,132.7
253,2024-12-19,Sur,Hábil,Despejado,Furgón,45.8
254,2024-12-20,Norte,Hábil,Despejado,Moto,29.7
255,2024-12-23,Centro,Hábil,Despejado,Camión,40.5
256,2024-12-24,Sur,Hábil,Lluvia,Moto,44.9
257,2024-12-25,Centro,Hábil,Despejado,Moto,35.7
258,2024-12-26,Sur,Hábil,Despejado,Moto,27.0
259,2024-12-27,Oeste,Hábil,Despejado,Moto,35.6
260,2024-12-30,Norte,Hábil,Despejado,Moto,29.8
261,2024-12-31,Centro,Hábil,Nublado,Camión,57.5
262,2025-01-01,Centro,Hábil,Despejado,Moto,98.1
263,2025-01-02,Sur,Hábil,Lluvia,Furgón,22.1
264,2025-01-03,Oeste,Hábil,Nublado,Furgón,36.0
265,2025-01-06,Centro,Hábil,Lluvia,Furgón,63.2
266,2025-01-07,Centro,Hábil,Nublado,Moto,80.7
267,2025-01-08,Este,Hábil,Despejado,Moto,49.1
268,2025-01-09,Oeste,Hábil,Nublado,Furgón,44.1
269,2025-01-10,Oeste,Hábil,Despejado,Camión,55.9
270,2025-01-13,Centro,Hábil,Despejado,Moto,71.6
271,2025-01-14,Centro,Hábil,Lluvia,Moto,55.1
272,2025-01-15,Norte,Hábil,Nublado,Moto,67.5
273,2025-01-16,Norte,Hábil,Nublado,Camión,17.8
274,2025-01-17,Centro,Hábil,Despejado,Moto,31.7
275,2025-01-20,Norte,Hábil,Despejado,Moto,43.4
276,2025-01-21,Centro,Hábil,Nublado,Camión,37.3
277,2025-01-22,Sur,Hábil,Despejado,Moto,74.2
278,2025-01-23,Sur,Hábil,Lluvia,Moto,32.4
279,2025-01-24,Este,Hábil,Nublado,Furgón,58.0
280,2025-01-27,Oeste,Hábil,Despejado,Camión,35.2
281,2025-01-28,Norte,Hábil,Despejado,Moto,50.9
282,2025-01-29,Centro,Hábil,Despejado,Moto,65.9
283,2025-01-30,Este,Hábil,Despejado,Moto,52.5
284,2025-01-31,Norte,Hábil,Nublado,Moto,30.1
285,2025-02-03,Este,Hábil,Despejado,Furgón,29.5
286,2025-02-04,Sur,Hábil,Nublado,Moto,31.3
287,2025-02-05,Sur,Hábil,Despejado,Moto,34.8
288,2025-02-06,Oeste,Hábil,Nublado,Moto,32.1
289,2025-02-07,Sur,Hábil,Despejado,Furgón,200.0
290,2025-02-10,Centro,Hábil,Despejado,Furgón,37.0
291,2025-02-11,Este,Hábil,Despejado,Camión,49.0
292,2025-02-12,Norte,Hábil,Lluvia,Moto,40.7
293,2025-02-13,Centro,Hábil,Lluvia,Furgón,41.9
294,2025-02-14,Oeste,Hábil,Nublado,Furgón,28.3
295,2025-02-17,Norte,Hábil,Despejado,Moto,49.3
296,2025-02-18,Este,Hábil,Despejado,Moto,31.2
297,2025-02-19,Centro,Hábil,Despejado,Moto,45.5
298,2025-02-20,Centro,Hábil,Despejado,Moto,37.1
299,2025-02-21,Centro,Hábil,Despejado,Moto,26.4
300,2025-02-24,Sur,Hábil,Nublado,Moto,37.1
301,2025-02-25,Oeste,Hábil,Nublado,Moto,84.3
302,2025-02-26,Oeste,Hábil,Nublado,Furgón,61.9
303,2025-02-27,Centro,Hábil,Lluvia,Moto,25.7
304,2025-02-28,Este,Hábil,Despejado,Furgón,36.7
305,2025-03-03,Centro,Hábil,Despejado,Furgón,40.0
306,2025-03-04,Centro,Hábil,Despejado,Camión,41.4
307,2025-03-05,Centro,Hábil,Nublado,Furgón,76.8
308,2025-03-06,Centro,Hábil,Despejado,Moto,46.9
309,2025-03-07,Centro,Hábil,Despejado,Furgón,26.5
310,2025-03-10,Este,Hábil,Despejado,Moto,19.8
311,2025-03-11,Centro,Hábil,Despejado,Moto,61.9
312,2025-03-12,Norte,Hábil,Nublado,Camión,33.1
313,2025-03-13,Norte,Hábil,Lluvia,Moto,83.1
314,2025-03-14,Sur,Hábil,Despejado,Moto,90.2
315,2025-03-17,Centro,Hábil,Nublado,Furgón,39.3
316,2025-03-18,Centro,Hábil,Lluvia,Camión,54.2
317,2025-03-19,Centro,Hábil,Despejado,Furgón,60.6
318,2025-03-20,Centro,Hábil,Despejado,Moto,29.0
319,2025-03-21,Centro,Hábil,Despejado,Furgón,60.3
320,2025-03-24,Sur,Hábil,Despejado,Moto,27.8
321,2025-03-25,Centro,Hábil,Nublado,Furgón,62.8
322,2025-03-26,Centro,Hábil,Despejado,Camión,55.5
323,2025-03-27,Este,Hábil,Nublado,Furgón,78.3
324,2025-03-28,Sur,Hábil,Despejado,Camión,45.1
325,2025-03-31,Norte,Hábil,Despejado,Moto,83.1
326,2025-04-01,Norte,Hábil,Despejado,Furgón,33.8
327,2025-04-02,Norte,Hábil,Despejado,Furgón,36.6
328,2025-04-03,Centro,Hábil,Despejado,Moto,52.2
329,2025-04-04,Sur,Hábil,Nublado,Camión,67.6
330,2025-04-07,Centro,Hábil,Despejado,Moto,29.3
331,2025-04-08,Centro,Hábil,Lluvia,Furgón,50.3
332,2025-04-09,Norte,Hábil,Despejado,Furgón,73.3
333,2025-04-10,Sur,Hábil,Despejado,Furgón,42.1
334,2025-04-11,Sur,Hábil,Despejado,Moto,33.4
335,2025-04-14,Sur,Hábil,Despejado,Furgón,63.6
336,2025-04-15,Sur,Hábil,Despejado,Furgón,94.3
337,2025-04-16,Este,Hábil,Despejado,Camión,20.7
338,2025-04-17,Norte,Hábil,Despejado,Moto,22.4
339,2025-04-18,Oeste,Hábil,Despejado,Moto,52.5
340,2025-04-21,Sur,Hábil,Despejado,Furgón,40.5
341,2025-04-22,Este,Hábil,Despejado,Moto,43.4
342,2025-04-23,Centro,Hábil,Nublado,Furgón,29.5
343,2025-04-24,Centro,Hábil,Lluvia,Furgón,25.3
344,2025-04-25,Este,Hábil,Despejado,Camión,26.3
345,2025-04-28,Centro,Hábil,Despejado,Furgón,49.0
346,2025-04-29,Centro,Hábil,Nublado,Furgón,50.9
347,2025-04-30,Centro,Hábil,Lluvia,Moto,55.6
348,2025-05-01,Centro,Hábil,Despejado,Moto,46.0
349,2025-05-02,Norte,Hábil,Nublado,Moto,49.6
350,2025-05-05,Sur,Hábil,Despejado,Moto,34.1
351,2025-05-06,Centro,Hábil,Despejado,Furgón,23.5
352,2025-05-07,Centro,Hábil,Lluvia,Furgón,28.7
353,2025-05-08,Este,Hábil,Despejado,Furgón,45.9
354,2025-05-09,Centro,Hábil,Nublado,Furgón,63.0
355,2025-05-12,Oeste,Hábil,Lluvia,Camión,56.5
356,2025-05-13,Sur,Hábil,Despejado,Furgón,40.2
357,2025-05-14,Sur,Hábil,Despejado,Furgón,56.6
358,2025-05-15,Sur,Hábil,Despejado,Furgón,20.8
359,2025-05-16,Centro,Hábil,Despejado,Moto,32.4
360,2025-05-19,Este,Hábil,Lluvia,Moto,51.6
361,2025-05-20,Sur,Hábil,Despejado,Moto,31.9
362,2025-05-21,Este,Hábil,Despejado,Camión,28.5
363,2025-05-22,Sur,Hábil,Lluvia,Furgón,38.1
364,2025-05-23,Centro,Hábil,Despejado,Moto,47.9
365,2025-05-26,Centro,Hábil,Lluvia,Moto,19.9
366,2025-05-27,Sur,Hábil,Despejado,Furgón,36.2
367,2025-05-28,Centro,Hábil,Nublado,Moto,45.9
368,2025-05-29,Sur,Hábil,Despejado,Moto,30.1
369,2025-05-30,Norte,Hábil,Despejado,Camión,39.7
370,2025-06-02,Sur,Hábil,Despejado,Moto,52.7
371,2025-06-03,Norte,Hábil,Despejado,Moto,40.7
372,2025-06-04,Sur,Hábil,Lluvia,Furgón,65.7
373,2025-06-05,Centro,Hábil,Lluvia,Camión,65.5
374,2025-06-06,Centro,Hábil,Lluvia,Furgón,41.1
375,2025-06-09,Centro,Hábil,Despejado,Moto,20.5
376,2025-06-10,Norte,Hábil,Despejado,Moto,45.1
377,2025-06-11,Centro,Hábil,Despejado,Moto,47.1
378,2025-06-12,Sur,Hábil,Despejado,Furgón,60.5
379,2025-06-13,Sur,Hábil,Nublado,Furgón,55.0
380,2025-06-16,Este,Hábil,Despejado,Moto,85.9
381,2025-06-17,Norte,Hábil,Despejado,Camión,61.4
382,2025-06-18,Centro,Hábil,Despejado,Moto,33.5
383,2025-06-19,Centro,Hábil,Nublado,Moto,33.0
384,2025-06-20,Sur,Hábil,Lluvia,Moto,66.0
385,2025-06-23,Sur,Hábil,Nublado,Moto,58.8
386,2025-06-24,Sur,Hábil,Despejado,Furgón,33.9
387,2025-06-25,Este,Hábil,Despejado,Furgón,27.8
388,2025-06-26,Sur,Hábil,Nublado,Moto,62.1
389,2025-06-27,Sur,Hábil,Lluvia,Furgón,62.1
390,2025-06-30,Sur,Hábil,Despejado,Moto,77.2
391,2025-07-01,Centro,Hábil,Lluvia,Furgón,32.9
392,2025-07-02,Norte,Hábil,Nublado,Camión,79.9
393,2025-07-03,Sur,Hábil,Lluvia,Moto,34.1
394,2025-07-04,Centro,Hábil,Lluvia,Furgón,57.6
395,2025-07-07,Oeste,Hábil,Despejado,Moto,153.2
396,2025-07-08,Sur,Hábil,Despejado,Moto,51.7
397,2025-07-09,Sur,Hábil,Despejado,Moto,44.3
398,2025-07-10,Sur,Hábil,Nublado,Furgón,56.3
399,2025-07-11,Centro,Hábil,Nublado,Furgón,36.2
400,2025-07-14,Sur,Hábil,Nublado,Moto,30.4
401,2025-07-15,Centro,Hábil,Despejado,Furgón,42.7
402,2025-07-16,Este,Hábil,Lluvia,Furgón,40.4
403,2025-07-17,Centro,Hábil,Lluvia,Furgón,71.2
404,2025-07-18,Sur,Hábil,Lluvia,Furgón,57.4
405,2025-07-21,Este,Hábil,Lluvia,Furgón,25.4
406,2025-07-22,Centro,Hábil,Nublado,Moto,50.9
407,2025-07-23,Centro,Hábil,Despejado,Moto,46.5
408,2025-07-24,Norte,Hábil,Despejado,Camión,36.3
409,2025-07-25,Oeste,Hábil,Despejado,Moto,36.5
410,2025-07-28,Norte,Hábil,Despejado,Camión,95.5
411,2025-07-29,Sur,Hábil,Lluvia,Furgón,49.2
412,2025-07-30,Norte,Hábil,Lluvia,Moto,47.5
413,2025-07-31,Centro,Hábil,Despejado,Moto,32.3
414,2025-08-01,Sur,Hábil,Despejado,Moto,39.3
415,2025-08-04,Norte,Hábil,Lluvia,Camión,29.2
416,2025-08-05,Norte,Hábil,Despejado,Moto,30.9
417,2025-08-06,Norte,Hábil,Despejado,Moto,55.5
418,2025-08-07,Centro,Hábil,Despejado,Moto,80.0
419,2025-08-08,Centro,Hábil,Despejado,Moto,35.5
420,2025-08-11,Sur,Hábil,Despejado,Moto,30.3
421,2025-08-12,Centro,Hábil,Despejado,Moto,53.4
422,2025-08-13,Centro,Hábil,Despejado,Furgón,46.1
423,2025-08-14,Norte,Hábil,Nublado,Moto,29.9
424,2025-08-15,Sur,Hábil,Despejado,Moto,61.9
425,2025-08-18,Oeste,Hábil,Lluvia,Moto,35.2
426,2025-08-19,Centro,Hábil,Despejado,Moto,35.3
427,2025-08-20,Sur,Hábil,Despejado,Camión,20.4
428,2025-08-21,Centro,Hábil,Lluvia,Furgón,31.5
429,2025-08-22,Sur,Hábil,Despejado,Moto,75.4
430,2025-08-25,Centro,Hábil,Despejado,Furgón,54.9
431,2025-08-26,Norte,Hábil,Despejado,Moto,54.5
432,2025-08-27,Norte,Hábil,Lluvia,Moto,37.2
433,2025-08-28,Norte,Hábil,Despejado,Camión,27.3
434,2025-08-29,Oeste,Hábil,Despejado,Furgón,45.8
435,2025-09-01,Centro,Hábil,Lluvia,Camión,25.4
436,2025-09-02,Norte,Hábil,Despejado,Moto,37.0
437,2025-09-03,Norte,Hábil,Lluvia,Furgón,70.4
438,2025-09-04,Centro,Hábil,Lluvia,Moto,30.2
439,2025-09-05,Norte,Hábil,Nublado,Moto,103.2
440,2025-09-08,Sur,Hábil,Despejado,Furgón,42.8
441,2025-09-09,Oeste,Hábil,Nublado,Moto,54.9
442,2025-09-10,Sur,Hábil,Despejado,Furgón,27.5
443,2025-09-11,Centro,Hábil,Despejado,Furgón,29.2
444,2025-09-12,Oeste,Hábil,Despejado,Moto,57.5
445,2025-09-15,Sur,Hábil,Lluvia,Furgón,43.3
446,2025-09-16,Norte,Hábil,Despejado,Furgón,46.1
447,2025-09-17,Sur,Hábil,Despejado,Moto,46.7
448,2025-09-18,Este,Hábil,Despejado,Furgón,54.4
449,2025-09-19,Este,Hábil,Nublado,Furgón,68.9
450,2025-09-22,Este,Hábil,Lluvia,Moto,35.8
451,2025-09-23,Norte,Hábil,Lluvia,Furgón,27.2
452,2025-09-24,Este,Hábil,Despejado,Camión,52.1
453,2025-09-25,Oeste,Hábil,Despejado,Moto,41.5
454,2025-09-26,Centro,Hábil,Lluvia,Furgón,81.5
455,2025-09-29,Oeste,Hábil,Despejado,Moto,39.2
456,2025-09-30,Este,Hábil,Despejado,Furgón,46.5
457,2025-10-01,Centro,Hábil,Lluvia,Furgón,28.0
458,2025-10-02,Centro,Hábil,Nublado,Moto,54.0
459,2025-10-03,Sur,Hábil,Lluvia,Moto,66.0
460,2025-10-06,Norte,Hábil,Lluvia,Furgón,23.5
461,2025-10-07,Centro,Hábil,Nublado,Moto,15.7
462,2025-10-08,Sur,Hábil,Despejado,Furgón,46.2
463,2025-10-09,Este,Hábil,Despejado,Moto,56.7
464,2025-10-10,Oeste,Hábil,Nublado,Camión,40.7
465,2025-10-13,Este,Hábil,Despejado,Furgón,58.8
466,2025-10-14,Norte,Hábil,Lluvia,Camión,42.2
467,2025-10-15,Sur,Hábil,Despejado,Moto,27.4
468,2025-10-16,Norte,Hábil,Despejado,Furgón,80.8
469,2025-10-17,Centro,Hábil,Lluvia,Furgón,48.4
470,2025-10-20,Este,Hábil,Nublado,Moto,35.1
471,2025-10-21,Oeste,Hábil,Lluvia,Moto,54.7
472,2025-10-22,Sur,Hábil,Despejado,Moto,51.2
473,2025-10-23,Oeste,Hábil,Nublado,Furgón,37.0
474,2025-10-24,Este,Hábil,Despejado,Furgón,32.7
475,2025-10-27,Sur,Hábil,Despejado,Moto,41.0
476,2025-10-28,Este,Hábil,Despejado,Furgón,51.3
477,2025-10-29,Sur,Hábil,Despejado,Moto,38.2
478,2025-10-30,Sur,Hábil,Despejado,Moto,30.5
479,2025-10-31,Centro,Hábil,Nublado,Camión,39.5
480,2025-11-03,Sur,Hábil,Lluvia,Camión,58.4
481,2025-11-04,Centro,Hábil,Lluvia,Furgón,44.5
482,2025-11-05,Centro,Hábil,Despejado,Moto,41.0
483,2025-11-06,Centro,Hábil,Nublado,Furgón,82.2
484,2025-11-07,Sur,Hábil,Nublado,Moto,44.2
485,2025-11-10,Centro,Hábil,Lluvia,Moto,34.5
486,2025-11-11,Centro,Hábil,Despejado,Moto,47.5
487,2025-11-12,Centro,Hábil,Despejado,Furgón,48.4
488,2025-11-13,Sur,Hábil,Despejado,Furgón,50.3
489,2025-11-14,Norte,Hábil,Despejado,Moto,85.8
490,2025-11-17,Centro,Hábil,Despejado,Furgón,50.0
491,2025-11-18,Norte,Hábil,Nublado,Camión,63.4
492,2025-11-19,Centro,Hábil,Despejado,Moto,33.6
493,2025-11-20,Este,Hábil,Despejado,Furgón,54.7
494,2025-11-21,Centro,Hábil,Despejado,Camión,58.9
495,2025-11-24,Centro,Hábil,Despejado,Moto,75.4
496,2025-11-25,Oeste,Hábil,Despejado,Moto,43.7
497,2025-11-26,Este,Hábil,Despejado,Furgón,19.6
498,2025-11-27,Oeste,Hábil,Despejado,Furgón,69.1
499,2025-11-28,Este,Hábil,Lluvia,Furgón,42.4
500,2025-12-01,Norte,Hábil,Nublado,Moto,58.3
